alert_id,alert_type,acct_id,acct_name,is_sar,model_id,start,end,schedule_id,bank_id
0,cycle,13601,13601,True,3,0,1000000,0,bank_c
0,cycle,4113,4113,True,3,0,1000000,0,bank_b
0,cycle,7424,7424,True,3,0,1000000,0,bank_b
0,cycle,3043,3043,True,3,0,1000000,0,bank_a
0,cycle,966,966,True,3,0,1000000,0,bank_a
1,cycle,11291,11291,True,3,0,1000000,0,bank_c
1,cycle,8954,8954,True,3,0,1000000,0,bank_b
1,cycle,973,973,True,3,0,1000000,0,bank_a
1,cycle,2377,2377,True,3,0,1000000,0,bank_a
2,cycle,16845,16845,True,3,0,1000000,0,bank_c
2,cycle,7016,7016,True,3,0,1000000,0,bank_b
2,cycle,9699,9699,True,3,0,1000000,0,bank_b
2,cycle,3869,3869,True,3,0,1000000,0,bank_a
2,cycle,284,284,True,3,0,1000000,0,bank_a
3,cycle,18952,18952,True,3,0,1000000,0,bank_c
3,cycle,13635,13635,True,3,0,1000000,0,bank_c
3,cycle,7066,7066,True,3,0,1000000,0,bank_b
3,cycle,9995,9995,True,3,0,1000000,0,bank_b
3,cycle,2550,2550,True,3,0,1000000,0,bank_a
3,cycle,619,619,True,3,0,1000000,0,bank_a
4,cycle,13943,13943,True,3,0,1000000,0,bank_c
4,cycle,8922,8922,True,3,0,1000000,0,bank_b
4,cycle,2761,2761,True,3,0,1000000,0,bank_a
5,cycle,17457,17457,True,3,0,1000000,0,bank_c
5,cycle,5532,5532,True,3,0,1000000,0,bank_b
5,cycle,8771,8771,True,3,0,1000000,0,bank_b
5,cycle,3556,3556,True,3,0,1000000,0,bank_a
5,cycle,2950,2950,True,3,0,1000000,0,bank_a
6,cycle,11112,11112,True,3,0,1000000,0,bank_c
6,cycle,5324,5324,True,3,0,1000000,0,bank_b
6,cycle,4179,4179,True,3,0,1000000,0,bank_b
6,cycle,3347,3347,True,3,0,1000000,0,bank_a
6,cycle,934,934,True,3,0,1000000,0,bank_a
7,cycle,15471,15471,True,3,0,1000000,0,bank_c
7,cycle,8317,8317,True,3,0,1000000,0,bank_b
7,cycle,4376,4376,True,3,0,1000000,0,bank_b
7,cycle,1618,1618,True,3,0,1000000,0,bank_a
7,cycle,3471,3471,True,3,0,1000000,0,bank_a
8,cycle,18339,18339,True,3,0,1000000,0,bank_c
8,cycle,7076,7076,True,3,0,1000000,0,bank_b
8,cycle,2804,2804,True,3,0,1000000,0,bank_a
8,cycle,3238,3238,True,3,0,1000000,0,bank_a
9,cycle,19844,19844,True,3,0,1000000,0,bank_c
9,cycle,8342,8342,True,3,0,1000000,0,bank_b
9,cycle,7157,7157,True,3,0,1000000,0,bank_b
9,cycle,828,828,True,3,0,1000000,0,bank_a
9,cycle,2129,2129,True,3,0,1000000,0,bank_a
10,cycle,17547,17547,True,3,0,1000000,0,bank_c
10,cycle,8257,8257,True,3,0,1000000,0,bank_b
10,cycle,7780,7780,True,3,0,1000000,0,bank_b
10,cycle,714,714,True,3,0,1000000,0,bank_a
10,cycle,1754,1754,True,3,0,1000000,0,bank_a
11,cycle,11153,11153,True,3,0,1000000,0,bank_c
11,cycle,9576,9576,True,3,0,1000000,0,bank_b
11,cycle,3915,3915,True,3,0,1000000,0,bank_a
12,cycle,19466,19466,True,3,0,1000000,0,bank_c
12,cycle,13558,13558,True,3,0,1000000,0,bank_c
12,cycle,8975,8975,True,3,0,1000000,0,bank_b
12,cycle,6857,6857,True,3,0,1000000,0,bank_b
12,cycle,1218,1218,True,3,0,1000000,0,bank_a
12,cycle,3762,3762,True,3,0,1000000,0,bank_a
13,cycle,17339,17339,True,3,0,1000000,0,bank_c
13,cycle,7811,7811,True,3,0,1000000,0,bank_b
13,cycle,3206,3206,True,3,0,1000000,0,bank_a
13,cycle,3856,3856,True,3,0,1000000,0,bank_a
14,cycle,18771,18771,True,3,0,1000000,0,bank_c
14,cycle,5670,5670,True,3,0,1000000,0,bank_b
14,cycle,2803,2803,True,3,0,1000000,0,bank_a
14,cycle,247,247,True,3,0,1000000,0,bank_a
15,cycle,10410,10410,True,3,0,1000000,0,bank_c
15,cycle,14346,14346,True,3,0,1000000,0,bank_c
15,cycle,7146,7146,True,3,0,1000000,0,bank_b
15,cycle,8536,8536,True,3,0,1000000,0,bank_b
15,cycle,2859,2859,True,3,0,1000000,0,bank_a
15,cycle,3134,3134,True,3,0,1000000,0,bank_a
16,cycle,11742,11742,True,3,0,1000000,0,bank_c
16,cycle,6656,6656,True,3,0,1000000,0,bank_b
16,cycle,6807,6807,True,3,0,1000000,0,bank_b
16,cycle,1144,1144,True,3,0,1000000,0,bank_a
16,cycle,637,637,True,3,0,1000000,0,bank_a
17,cycle,17562,17562,True,3,0,1000000,0,bank_c
17,cycle,5723,5723,True,3,0,1000000,0,bank_b
17,cycle,73,73,True,3,0,1000000,0,bank_a
17,cycle,2478,2478,True,3,0,1000000,0,bank_a
18,cycle,19892,19892,True,3,0,1000000,0,bank_c
18,cycle,14196,14196,True,3,0,1000000,0,bank_c
18,cycle,8604,8604,True,3,0,1000000,0,bank_b
18,cycle,6330,6330,True,3,0,1000000,0,bank_b
18,cycle,164,164,True,3,0,1000000,0,bank_a
18,cycle,2979,2979,True,3,0,1000000,0,bank_a
19,cycle,14476,14476,True,3,0,1000000,0,bank_c
19,cycle,8799,8799,True,3,0,1000000,0,bank_b
19,cycle,3602,3602,True,3,0,1000000,0,bank_a
20,scatter_gather,2456,2456,True,7,0,1000000,0,bank_a
20,scatter_gather,6387,6387,True,7,0,1000000,0,bank_b
20,scatter_gather,4585,4585,True,7,0,1000000,0,bank_b
20,scatter_gather,7165,7165,True,7,0,1000000,0,bank_b
20,scatter_gather,8882,8882,True,7,0,1000000,0,bank_b
20,scatter_gather,8017,8017,True,7,0,1000000,0,bank_b
20,scatter_gather,5399,5399,True,7,0,1000000,0,bank_b
20,scatter_gather,6681,6681,True,7,0,1000000,0,bank_b
20,scatter_gather,17205,17205,True,7,0,1000000,0,bank_c
21,scatter_gather,6765,6765,True,7,0,1000000,0,bank_b
21,scatter_gather,1262,1262,True,7,0,1000000,0,bank_a
21,scatter_gather,2243,2243,True,7,0,1000000,0,bank_a
21,scatter_gather,3689,3689,True,7,0,1000000,0,bank_a
21,scatter_gather,1056,1056,True,7,0,1000000,0,bank_a
21,scatter_gather,1176,1176,True,7,0,1000000,0,bank_a
21,scatter_gather,301,301,True,7,0,1000000,0,bank_a
21,scatter_gather,3928,3928,True,7,0,1000000,0,bank_a
21,scatter_gather,2468,2468,True,7,0,1000000,0,bank_a
21,scatter_gather,10204,10204,True,7,0,1000000,0,bank_c
22,scatter_gather,716,716,True,7,0,1000000,0,bank_a
22,scatter_gather,14558,14558,True,7,0,1000000,0,bank_c
22,scatter_gather,14935,14935,True,7,0,1000000,0,bank_c
22,scatter_gather,13646,13646,True,7,0,1000000,0,bank_c
22,scatter_gather,8302,8302,True,7,0,1000000,0,bank_b
23,scatter_gather,5027,5027,True,7,0,1000000,0,bank_b
23,scatter_gather,251,251,True,7,0,1000000,0,bank_a
23,scatter_gather,54,54,True,7,0,1000000,0,bank_a
23,scatter_gather,70,70,True,7,0,1000000,0,bank_a
23,scatter_gather,19768,19768,True,7,0,1000000,0,bank_c
24,scatter_gather,19147,19147,True,7,0,1000000,0,bank_c
24,scatter_gather,2984,2984,True,7,0,1000000,0,bank_a
24,scatter_gather,841,841,True,7,0,1000000,0,bank_a
24,scatter_gather,2604,2604,True,7,0,1000000,0,bank_a
24,scatter_gather,3131,3131,True,7,0,1000000,0,bank_a
24,scatter_gather,1550,1550,True,7,0,1000000,0,bank_a
24,scatter_gather,9134,9134,True,7,0,1000000,0,bank_b
25,scatter_gather,2324,2324,True,7,0,1000000,0,bank_a
25,scatter_gather,7043,7043,True,7,0,1000000,0,bank_b
25,scatter_gather,4777,4777,True,7,0,1000000,0,bank_b
25,scatter_gather,5418,5418,True,7,0,1000000,0,bank_b
25,scatter_gather,9500,9500,True,7,0,1000000,0,bank_b
25,scatter_gather,12361,12361,True,7,0,1000000,0,bank_c
26,scatter_gather,12422,12422,True,7,0,1000000,0,bank_c
26,scatter_gather,3851,3851,True,7,0,1000000,0,bank_a
26,scatter_gather,963,963,True,7,0,1000000,0,bank_a
26,scatter_gather,2617,2617,True,7,0,1000000,0,bank_a
26,scatter_gather,4207,4207,True,7,0,1000000,0,bank_b
27,scatter_gather,10187,10187,True,7,0,1000000,0,bank_c
27,scatter_gather,9754,9754,True,7,0,1000000,0,bank_b
27,scatter_gather,4041,4041,True,7,0,1000000,0,bank_b
27,scatter_gather,8949,8949,True,7,0,1000000,0,bank_b
27,scatter_gather,6413,6413,True,7,0,1000000,0,bank_b
27,scatter_gather,1171,1171,True,7,0,1000000,0,bank_a
28,scatter_gather,962,962,True,7,0,1000000,0,bank_a
28,scatter_gather,8267,8267,True,7,0,1000000,0,bank_b
28,scatter_gather,6845,6845,True,7,0,1000000,0,bank_b
28,scatter_gather,8961,8961,True,7,0,1000000,0,bank_b
28,scatter_gather,4497,4497,True,7,0,1000000,0,bank_b
28,scatter_gather,7622,7622,True,7,0,1000000,0,bank_b
28,scatter_gather,5961,5961,True,7,0,1000000,0,bank_b
28,scatter_gather,5913,5913,True,7,0,1000000,0,bank_b
28,scatter_gather,16228,16228,True,7,0,1000000,0,bank_c
29,scatter_gather,3884,3884,True,7,0,1000000,0,bank_a
29,scatter_gather,10544,10544,True,7,0,1000000,0,bank_c
29,scatter_gather,10432,10432,True,7,0,1000000,0,bank_c
29,scatter_gather,14830,14830,True,7,0,1000000,0,bank_c
29,scatter_gather,12228,12228,True,7,0,1000000,0,bank_c
29,scatter_gather,16433,16433,True,7,0,1000000,0,bank_c
29,scatter_gather,8395,8395,True,7,0,1000000,0,bank_b
30,scatter_gather,4415,4415,True,7,0,1000000,0,bank_b
30,scatter_gather,16632,16632,True,7,0,1000000,0,bank_c
30,scatter_gather,11016,11016,True,7,0,1000000,0,bank_c
30,scatter_gather,12285,12285,True,7,0,1000000,0,bank_c
30,scatter_gather,10415,10415,True,7,0,1000000,0,bank_c
30,scatter_gather,11971,11971,True,7,0,1000000,0,bank_c
30,scatter_gather,3389,3389,True,7,0,1000000,0,bank_a
31,scatter_gather,667,667,True,7,0,1000000,0,bank_a
31,scatter_gather,9919,9919,True,7,0,1000000,0,bank_b
31,scatter_gather,7621,7621,True,7,0,1000000,0,bank_b
31,scatter_gather,4370,4370,True,7,0,1000000,0,bank_b
31,scatter_gather,8494,8494,True,7,0,1000000,0,bank_b
31,scatter_gather,5297,5297,True,7,0,1000000,0,bank_b
31,scatter_gather,8628,8628,True,7,0,1000000,0,bank_b
31,scatter_gather,13392,13392,True,7,0,1000000,0,bank_c
32,scatter_gather,5226,5226,True,7,0,1000000,0,bank_b
32,scatter_gather,13073,13073,True,7,0,1000000,0,bank_c
32,scatter_gather,11572,11572,True,7,0,1000000,0,bank_c
32,scatter_gather,16931,16931,True,7,0,1000000,0,bank_c
32,scatter_gather,19376,19376,True,7,0,1000000,0,bank_c
32,scatter_gather,19302,19302,True,7,0,1000000,0,bank_c
32,scatter_gather,19176,19176,True,7,0,1000000,0,bank_c
32,scatter_gather,1949,1949,True,7,0,1000000,0,bank_a
33,scatter_gather,7588,7588,True,7,0,1000000,0,bank_b
33,scatter_gather,2293,2293,True,7,0,1000000,0,bank_a
33,scatter_gather,3484,3484,True,7,0,1000000,0,bank_a
33,scatter_gather,3289,3289,True,7,0,1000000,0,bank_a
33,scatter_gather,2501,2501,True,7,0,1000000,0,bank_a
33,scatter_gather,13636,13636,True,7,0,1000000,0,bank_c
34,scatter_gather,1390,1390,True,7,0,1000000,0,bank_a
34,scatter_gather,12915,12915,True,7,0,1000000,0,bank_c
34,scatter_gather,12412,12412,True,7,0,1000000,0,bank_c
34,scatter_gather,12134,12134,True,7,0,1000000,0,bank_c
34,scatter_gather,10652,10652,True,7,0,1000000,0,bank_c
34,scatter_gather,13269,13269,True,7,0,1000000,0,bank_c
34,scatter_gather,10736,10736,True,7,0,1000000,0,bank_c
34,scatter_gather,8016,8016,True,7,0,1000000,0,bank_b
35,scatter_gather,6869,6869,True,7,0,1000000,0,bank_b
35,scatter_gather,13873,13873,True,7,0,1000000,0,bank_c
35,scatter_gather,13818,13818,True,7,0,1000000,0,bank_c
35,scatter_gather,19005,19005,True,7,0,1000000,0,bank_c
35,scatter_gather,14912,14912,True,7,0,1000000,0,bank_c
35,scatter_gather,18959,18959,True,7,0,1000000,0,bank_c
35,scatter_gather,15450,15450,True,7,0,1000000,0,bank_c
35,scatter_gather,15598,15598,True,7,0,1000000,0,bank_c
35,scatter_gather,19584,19584,True,7,0,1000000,0,bank_c
35,scatter_gather,3730,3730,True,7,0,1000000,0,bank_a
36,scatter_gather,1060,1060,True,7,0,1000000,0,bank_a
36,scatter_gather,17001,17001,True,7,0,1000000,0,bank_c
36,scatter_gather,17926,17926,True,7,0,1000000,0,bank_c
36,scatter_gather,17648,17648,True,7,0,1000000,0,bank_c
36,scatter_gather,13976,13976,True,7,0,1000000,0,bank_c
36,scatter_gather,15769,15769,True,7,0,1000000,0,bank_c
36,scatter_gather,11302,11302,True,7,0,1000000,0,bank_c
36,scatter_gather,14972,14972,True,7,0,1000000,0,bank_c
36,scatter_gather,12467,12467,True,7,0,1000000,0,bank_c
36,scatter_gather,9610,9610,True,7,0,1000000,0,bank_b
37,scatter_gather,6642,6642,True,7,0,1000000,0,bank_b
37,scatter_gather,11875,11875,True,7,0,1000000,0,bank_c
37,scatter_gather,13692,13692,True,7,0,1000000,0,bank_c
37,scatter_gather,14566,14566,True,7,0,1000000,0,bank_c
37,scatter_gather,16991,16991,True,7,0,1000000,0,bank_c
37,scatter_gather,10045,10045,True,7,0,1000000,0,bank_c
37,scatter_gather,17260,17260,True,7,0,1000000,0,bank_c
37,scatter_gather,15848,15848,True,7,0,1000000,0,bank_c
37,scatter_gather,13166,13166,True,7,0,1000000,0,bank_c
37,scatter_gather,2688,2688,True,7,0,1000000,0,bank_a
38,scatter_gather,4280,4280,True,7,0,1000000,0,bank_b
38,scatter_gather,279,279,True,7,0,1000000,0,bank_a
38,scatter_gather,358,358,True,7,0,1000000,0,bank_a
38,scatter_gather,3666,3666,True,7,0,1000000,0,bank_a
38,scatter_gather,107,107,True,7,0,1000000,0,bank_a
38,scatter_gather,3412,3412,True,7,0,1000000,0,bank_a
38,scatter_gather,16615,16615,True,7,0,1000000,0,bank_c
39,scatter_gather,3553,3553,True,7,0,1000000,0,bank_a
39,scatter_gather,15855,15855,True,7,0,1000000,0,bank_c
39,scatter_gather,13424,13424,True,7,0,1000000,0,bank_c
39,scatter_gather,12328,12328,True,7,0,1000000,0,bank_c
39,scatter_gather,17986,17986,True,7,0,1000000,0,bank_c
39,scatter_gather,6171,6171,True,7,0,1000000,0,bank_b
40,scatter_gather,831,831,True,7,0,1000000,0,bank_a
40,scatter_gather,11609,11609,True,7,0,1000000,0,bank_c
40,scatter_gather,18059,18059,True,7,0,1000000,0,bank_c
40,scatter_gather,12589,12589,True,7,0,1000000,0,bank_c
40,scatter_gather,12681,12681,True,7,0,1000000,0,bank_c
40,scatter_gather,6388,6388,True,7,0,1000000,0,bank_b
41,scatter_gather,12865,12865,True,7,0,1000000,0,bank_c
41,scatter_gather,3781,3781,True,7,0,1000000,0,bank_a
41,scatter_gather,220,220,True,7,0,1000000,0,bank_a
41,scatter_gather,3036,3036,True,7,0,1000000,0,bank_a
41,scatter_gather,92,92,True,7,0,1000000,0,bank_a
41,scatter_gather,1683,1683,True,7,0,1000000,0,bank_a
41,scatter_gather,4289,4289,True,7,0,1000000,0,bank_b
42,scatter_gather,5408,5408,True,7,0,1000000,0,bank_b
42,scatter_gather,2913,2913,True,7,0,1000000,0,bank_a
42,scatter_gather,1286,1286,True,7,0,1000000,0,bank_a
42,scatter_gather,1369,1369,True,7,0,1000000,0,bank_a
42,scatter_gather,18913,18913,True,7,0,1000000,0,bank_c
43,scatter_gather,13026,13026,True,7,0,1000000,0,bank_c
43,scatter_gather,4299,4299,True,7,0,1000000,0,bank_b
43,scatter_gather,8463,8463,True,7,0,1000000,0,bank_b
43,scatter_gather,7331,7331,True,7,0,1000000,0,bank_b
43,scatter_gather,5710,5710,True,7,0,1000000,0,bank_b
43,scatter_gather,288,288,True,7,0,1000000,0,bank_a
44,scatter_gather,3268,3268,True,7,0,1000000,0,bank_a
44,scatter_gather,16582,16582,True,7,0,1000000,0,bank_c
44,scatter_gather,15883,15883,True,7,0,1000000,0,bank_c
44,scatter_gather,14427,14427,True,7,0,1000000,0,bank_c
44,scatter_gather,12688,12688,True,7,0,1000000,0,bank_c
44,scatter_gather,10210,10210,True,7,0,1000000,0,bank_c
44,scatter_gather,19359,19359,True,7,0,1000000,0,bank_c
44,scatter_gather,5166,5166,True,7,0,1000000,0,bank_b
45,scatter_gather,12957,12957,True,7,0,1000000,0,bank_c
45,scatter_gather,3690,3690,True,7,0,1000000,0,bank_a
45,scatter_gather,1979,1979,True,7,0,1000000,0,bank_a
45,scatter_gather,460,460,True,7,0,1000000,0,bank_a
45,scatter_gather,1400,1400,True,7,0,1000000,0,bank_a
45,scatter_gather,214,214,True,7,0,1000000,0,bank_a
45,scatter_gather,851,851,True,7,0,1000000,0,bank_a
45,scatter_gather,1006,1006,True,7,0,1000000,0,bank_a
45,scatter_gather,9103,9103,True,7,0,1000000,0,bank_b
46,scatter_gather,14013,14013,True,7,0,1000000,0,bank_c
46,scatter_gather,1970,1970,True,7,0,1000000,0,bank_a
46,scatter_gather,938,938,True,7,0,1000000,0,bank_a
46,scatter_gather,371,371,True,7,0,1000000,0,bank_a
46,scatter_gather,1187,1187,True,7,0,1000000,0,bank_a
46,scatter_gather,8189,8189,True,7,0,1000000,0,bank_b
47,scatter_gather,19297,19297,True,7,0,1000000,0,bank_c
47,scatter_gather,360,360,True,7,0,1000000,0,bank_a
47,scatter_gather,3814,3814,True,7,0,1000000,0,bank_a
47,scatter_gather,1933,1933,True,7,0,1000000,0,bank_a
47,scatter_gather,1898,1898,True,7,0,1000000,0,bank_a
47,scatter_gather,2375,2375,True,7,0,1000000,0,bank_a
47,scatter_gather,1490,1490,True,7,0,1000000,0,bank_a
47,scatter_gather,732,732,True,7,0,1000000,0,bank_a
47,scatter_gather,2574,2574,True,7,0,1000000,0,bank_a
47,scatter_gather,5118,5118,True,7,0,1000000,0,bank_b
48,scatter_gather,2764,2764,True,7,0,1000000,0,bank_a
48,scatter_gather,15122,15122,True,7,0,1000000,0,bank_c
48,scatter_gather,17912,17912,True,7,0,1000000,0,bank_c
48,scatter_gather,15377,15377,True,7,0,1000000,0,bank_c
48,scatter_gather,10320,10320,True,7,0,1000000,0,bank_c
48,scatter_gather,17708,17708,True,7,0,1000000,0,bank_c
48,scatter_gather,18239,18239,True,7,0,1000000,0,bank_c
48,scatter_gather,14931,14931,True,7,0,1000000,0,bank_c
48,scatter_gather,6818,6818,True,7,0,1000000,0,bank_b
49,scatter_gather,1074,1074,True,7,0,1000000,0,bank_a
49,scatter_gather,8245,8245,True,7,0,1000000,0,bank_b
49,scatter_gather,6907,6907,True,7,0,1000000,0,bank_b
49,scatter_gather,4593,4593,True,7,0,1000000,0,bank_b
49,scatter_gather,5301,5301,True,7,0,1000000,0,bank_b
49,scatter_gather,5521,5521,True,7,0,1000000,0,bank_b
49,scatter_gather,8838,8838,True,7,0,1000000,0,bank_b
49,scatter_gather,4698,4698,True,7,0,1000000,0,bank_b
49,scatter_gather,13299,13299,True,7,0,1000000,0,bank_c
50,gather_scatter,612,612,True,8,0,1000000,0,bank_a
50,gather_scatter,1020,1020,True,8,0,1000000,0,bank_a
50,gather_scatter,2093,2093,True,8,0,1000000,0,bank_a
50,gather_scatter,5641,5641,True,8,0,1000000,0,bank_b
50,gather_scatter,15654,15654,True,8,0,1000000,0,bank_c
50,gather_scatter,15611,15611,True,8,0,1000000,0,bank_c
50,gather_scatter,12392,12392,True,8,0,1000000,0,bank_c
51,gather_scatter,3568,3568,True,8,0,1000000,0,bank_a
51,gather_scatter,1344,1344,True,8,0,1000000,0,bank_a
51,gather_scatter,3167,3167,True,8,0,1000000,0,bank_a
51,gather_scatter,11341,11341,True,8,0,1000000,0,bank_c
51,gather_scatter,8613,8613,True,8,0,1000000,0,bank_b
51,gather_scatter,6425,6425,True,8,0,1000000,0,bank_b
51,gather_scatter,4681,4681,True,8,0,1000000,0,bank_b
52,gather_scatter,17715,17715,True,8,0,1000000,0,bank_c
52,gather_scatter,11174,11174,True,8,0,1000000,0,bank_c
52,gather_scatter,10988,10988,True,8,0,1000000,0,bank_c
52,gather_scatter,693,693,True,8,0,1000000,0,bank_a
52,gather_scatter,4871,4871,True,8,0,1000000,0,bank_b
52,gather_scatter,7444,7444,True,8,0,1000000,0,bank_b
52,gather_scatter,7957,7957,True,8,0,1000000,0,bank_b
53,gather_scatter,19864,19864,True,8,0,1000000,0,bank_c
53,gather_scatter,17976,17976,True,8,0,1000000,0,bank_c
53,gather_scatter,15744,15744,True,8,0,1000000,0,bank_c
53,gather_scatter,15789,15789,True,8,0,1000000,0,bank_c
53,gather_scatter,10125,10125,True,8,0,1000000,0,bank_c
53,gather_scatter,2960,2960,True,8,0,1000000,0,bank_a
53,gather_scatter,8430,8430,True,8,0,1000000,0,bank_b
53,gather_scatter,9417,9417,True,8,0,1000000,0,bank_b
53,gather_scatter,7729,7729,True,8,0,1000000,0,bank_b
53,gather_scatter,4495,4495,True,8,0,1000000,0,bank_b
53,gather_scatter,4210,4210,True,8,0,1000000,0,bank_b
54,gather_scatter,2640,2640,True,8,0,1000000,0,bank_a
54,gather_scatter,191,191,True,8,0,1000000,0,bank_a
54,gather_scatter,1563,1563,True,8,0,1000000,0,bank_a
54,gather_scatter,10012,10012,True,8,0,1000000,0,bank_c
54,gather_scatter,8455,8455,True,8,0,1000000,0,bank_b
54,gather_scatter,5495,5495,True,8,0,1000000,0,bank_b
54,gather_scatter,6626,6626,True,8,0,1000000,0,bank_b
55,gather_scatter,3132,3132,True,8,0,1000000,0,bank_a
55,gather_scatter,2843,2843,True,8,0,1000000,0,bank_a
55,gather_scatter,3997,3997,True,8,0,1000000,0,bank_a
55,gather_scatter,10199,10199,True,8,0,1000000,0,bank_c
55,gather_scatter,5606,5606,True,8,0,1000000,0,bank_b
55,gather_scatter,5008,5008,True,8,0,1000000,0,bank_b
55,gather_scatter,7628,7628,True,8,0,1000000,0,bank_b
56,gather_scatter,14100,14100,True,8,0,1000000,0,bank_c
56,gather_scatter,17965,17965,True,8,0,1000000,0,bank_c
56,gather_scatter,10840,10840,True,8,0,1000000,0,bank_c
56,gather_scatter,14447,14447,True,8,0,1000000,0,bank_c
56,gather_scatter,6659,6659,True,8,0,1000000,0,bank_b
56,gather_scatter,3783,3783,True,8,0,1000000,0,bank_a
56,gather_scatter,2569,2569,True,8,0,1000000,0,bank_a
56,gather_scatter,1005,1005,True,8,0,1000000,0,bank_a
56,gather_scatter,1468,1468,True,8,0,1000000,0,bank_a
57,gather_scatter,2861,2861,True,8,0,1000000,0,bank_a
57,gather_scatter,418,418,True,8,0,1000000,0,bank_a
57,gather_scatter,782,782,True,8,0,1000000,0,bank_a
57,gather_scatter,9060,9060,True,8,0,1000000,0,bank_b
57,gather_scatter,16210,16210,True,8,0,1000000,0,bank_c
57,gather_scatter,16404,16404,True,8,0,1000000,0,bank_c
57,gather_scatter,18365,18365,True,8,0,1000000,0,bank_c
58,gather_scatter,9117,9117,True,8,0,1000000,0,bank_b
58,gather_scatter,5749,5749,True,8,0,1000000,0,bank_b
58,gather_scatter,9552,9552,True,8,0,1000000,0,bank_b
58,gather_scatter,5609,5609,True,8,0,1000000,0,bank_b
58,gather_scatter,6620,6620,True,8,0,1000000,0,bank_b
58,gather_scatter,11562,11562,True,8,0,1000000,0,bank_c
58,gather_scatter,190,190,True,8,0,1000000,0,bank_a
58,gather_scatter,2872,2872,True,8,0,1000000,0,bank_a
58,gather_scatter,3148,3148,True,8,0,1000000,0,bank_a
58,gather_scatter,1279,1279,True,8,0,1000000,0,bank_a
58,gather_scatter,1325,1325,True,8,0,1000000,0,bank_a
59,gather_scatter,1233,1233,True,8,0,1000000,0,bank_a
59,gather_scatter,2943,2943,True,8,0,1000000,0,bank_a
59,gather_scatter,586,586,True,8,0,1000000,0,bank_a
59,gather_scatter,554,554,True,8,0,1000000,0,bank_a
59,gather_scatter,3228,3228,True,8,0,1000000,0,bank_a
59,gather_scatter,16309,16309,True,8,0,1000000,0,bank_c
59,gather_scatter,7031,7031,True,8,0,1000000,0,bank_b
59,gather_scatter,8080,8080,True,8,0,1000000,0,bank_b
59,gather_scatter,7624,7624,True,8,0,1000000,0,bank_b
59,gather_scatter,8587,8587,True,8,0,1000000,0,bank_b
59,gather_scatter,5269,5269,True,8,0,1000000,0,bank_b
60,gather_scatter,2410,2410,True,8,0,1000000,0,bank_a
60,gather_scatter,964,964,True,8,0,1000000,0,bank_a
60,gather_scatter,2977,2977,True,8,0,1000000,0,bank_a
60,gather_scatter,3569,3569,True,8,0,1000000,0,bank_a
60,gather_scatter,6867,6867,True,8,0,1000000,0,bank_b
60,gather_scatter,13572,13572,True,8,0,1000000,0,bank_c
60,gather_scatter,13789,13789,True,8,0,1000000,0,bank_c
60,gather_scatter,18664,18664,True,8,0,1000000,0,bank_c
60,gather_scatter,19268,19268,True,8,0,1000000,0,bank_c
61,gather_scatter,9222,9222,True,8,0,1000000,0,bank_b
61,gather_scatter,5154,5154,True,8,0,1000000,0,bank_b
61,gather_scatter,7490,7490,True,8,0,1000000,0,bank_b
61,gather_scatter,8110,8110,True,8,0,1000000,0,bank_b
61,gather_scatter,9217,9217,True,8,0,1000000,0,bank_b
61,gather_scatter,290,290,True,8,0,1000000,0,bank_a
61,gather_scatter,19228,19228,True,8,0,1000000,0,bank_c
61,gather_scatter,11046,11046,True,8,0,1000000,0,bank_c
61,gather_scatter,11552,11552,True,8,0,1000000,0,bank_c
61,gather_scatter,19930,19930,True,8,0,1000000,0,bank_c
61,gather_scatter,12101,12101,True,8,0,1000000,0,bank_c
62,gather_scatter,11799,11799,True,8,0,1000000,0,bank_c
62,gather_scatter,18189,18189,True,8,0,1000000,0,bank_c
62,gather_scatter,16281,16281,True,8,0,1000000,0,bank_c
62,gather_scatter,18607,18607,True,8,0,1000000,0,bank_c
62,gather_scatter,17224,17224,True,8,0,1000000,0,bank_c
62,gather_scatter,3481,3481,True,8,0,1000000,0,bank_a
62,gather_scatter,8561,8561,True,8,0,1000000,0,bank_b
62,gather_scatter,7443,7443,True,8,0,1000000,0,bank_b
62,gather_scatter,6767,6767,True,8,0,1000000,0,bank_b
62,gather_scatter,7885,7885,True,8,0,1000000,0,bank_b
62,gather_scatter,8479,8479,True,8,0,1000000,0,bank_b
63,gather_scatter,19142,19142,True,8,0,1000000,0,bank_c
63,gather_scatter,19535,19535,True,8,0,1000000,0,bank_c
63,gather_scatter,12372,12372,True,8,0,1000000,0,bank_c
63,gather_scatter,15022,15022,True,8,0,1000000,0,bank_c
63,gather_scatter,6079,6079,True,8,0,1000000,0,bank_b
63,gather_scatter,3351,3351,True,8,0,1000000,0,bank_a
63,gather_scatter,1013,1013,True,8,0,1000000,0,bank_a
63,gather_scatter,100,100,True,8,0,1000000,0,bank_a
63,gather_scatter,172,172,True,8,0,1000000,0,bank_a
64,gather_scatter,5849,5849,True,8,0,1000000,0,bank_b
64,gather_scatter,6440,6440,True,8,0,1000000,0,bank_b
64,gather_scatter,8154,8154,True,8,0,1000000,0,bank_b
64,gather_scatter,6397,6397,True,8,0,1000000,0,bank_b
64,gather_scatter,9197,9197,True,8,0,1000000,0,bank_b
64,gather_scatter,239,239,True,8,0,1000000,0,bank_a
64,gather_scatter,19139,19139,True,8,0,1000000,0,bank_c
64,gather_scatter,18002,18002,True,8,0,1000000,0,bank_c
64,gather_scatter,18138,18138,True,8,0,1000000,0,bank_c
64,gather_scatter,14222,14222,True,8,0,1000000,0,bank_c
64,gather_scatter,11712,11712,True,8,0,1000000,0,bank_c
65,gather_scatter,6181,6181,True,8,0,1000000,0,bank_b
65,gather_scatter,7357,7357,True,8,0,1000000,0,bank_b
65,gather_scatter,8300,8300,True,8,0,1000000,0,bank_b
65,gather_scatter,9037,9037,True,8,0,1000000,0,bank_b
65,gather_scatter,9235,9235,True,8,0,1000000,0,bank_b
65,gather_scatter,3738,3738,True,8,0,1000000,0,bank_a
65,gather_scatter,11318,11318,True,8,0,1000000,0,bank_c
65,gather_scatter,14354,14354,True,8,0,1000000,0,bank_c
65,gather_scatter,14883,14883,True,8,0,1000000,0,bank_c
65,gather_scatter,11998,11998,True,8,0,1000000,0,bank_c
65,gather_scatter,10248,10248,True,8,0,1000000,0,bank_c
66,gather_scatter,18064,18064,True,8,0,1000000,0,bank_c
66,gather_scatter,13149,13149,True,8,0,1000000,0,bank_c
66,gather_scatter,15825,15825,True,8,0,1000000,0,bank_c
66,gather_scatter,18206,18206,True,8,0,1000000,0,bank_c
66,gather_scatter,3641,3641,True,8,0,1000000,0,bank_a
66,gather_scatter,5436,5436,True,8,0,1000000,0,bank_b
66,gather_scatter,8098,8098,True,8,0,1000000,0,bank_b
66,gather_scatter,8504,8504,True,8,0,1000000,0,bank_b
66,gather_scatter,6482,6482,True,8,0,1000000,0,bank_b
67,gather_scatter,16257,16257,True,8,0,1000000,0,bank_c
67,gather_scatter,18903,18903,True,8,0,1000000,0,bank_c
67,gather_scatter,12045,12045,True,8,0,1000000,0,bank_c
67,gather_scatter,6443,6443,True,8,0,1000000,0,bank_b
67,gather_scatter,3016,3016,True,8,0,1000000,0,bank_a
67,gather_scatter,3639,3639,True,8,0,1000000,0,bank_a
67,gather_scatter,833,833,True,8,0,1000000,0,bank_a
68,gather_scatter,1178,1178,True,8,0,1000000,0,bank_a
68,gather_scatter,827,827,True,8,0,1000000,0,bank_a
68,gather_scatter,2560,2560,True,8,0,1000000,0,bank_a
68,gather_scatter,8559,8559,True,8,0,1000000,0,bank_b
68,gather_scatter,11228,11228,True,8,0,1000000,0,bank_c
68,gather_scatter,12337,12337,True,8,0,1000000,0,bank_c
68,gather_scatter,18313,18313,True,8,0,1000000,0,bank_c
69,gather_scatter,3063,3063,True,8,0,1000000,0,bank_a
69,gather_scatter,3298,3298,True,8,0,1000000,0,bank_a
69,gather_scatter,3667,3667,True,8,0,1000000,0,bank_a
69,gather_scatter,17068,17068,True,8,0,1000000,0,bank_c
69,gather_scatter,4966,4966,True,8,0,1000000,0,bank_b
69,gather_scatter,5695,5695,True,8,0,1000000,0,bank_b
69,gather_scatter,4121,4121,True,8,0,1000000,0,bank_b
70,gather_scatter,2034,2034,True,8,0,1000000,0,bank_a
70,gather_scatter,663,663,True,8,0,1000000,0,bank_a
70,gather_scatter,3095,3095,True,8,0,1000000,0,bank_a
70,gather_scatter,671,671,True,8,0,1000000,0,bank_a
70,gather_scatter,6887,6887,True,8,0,1000000,0,bank_b
70,gather_scatter,14826,14826,True,8,0,1000000,0,bank_c
70,gather_scatter,13697,13697,True,8,0,1000000,0,bank_c
70,gather_scatter,16470,16470,True,8,0,1000000,0,bank_c
70,gather_scatter,16464,16464,True,8,0,1000000,0,bank_c
71,gather_scatter,2405,2405,True,8,0,1000000,0,bank_a
71,gather_scatter,1353,1353,True,8,0,1000000,0,bank_a
71,gather_scatter,3663,3663,True,8,0,1000000,0,bank_a
71,gather_scatter,298,298,True,8,0,1000000,0,bank_a
71,gather_scatter,6981,6981,True,8,0,1000000,0,bank_b
71,gather_scatter,16868,16868,True,8,0,1000000,0,bank_c
71,gather_scatter,18987,18987,True,8,0,1000000,0,bank_c
71,gather_scatter,13998,13998,True,8,0,1000000,0,bank_c
71,gather_scatter,10588,10588,True,8,0,1000000,0,bank_c
72,gather_scatter,2966,2966,True,8,0,1000000,0,bank_a
72,gather_scatter,1256,1256,True,8,0,1000000,0,bank_a
72,gather_scatter,2540,2540,True,8,0,1000000,0,bank_a
72,gather_scatter,2239,2239,True,8,0,1000000,0,bank_a
72,gather_scatter,8376,8376,True,8,0,1000000,0,bank_b
72,gather_scatter,18740,18740,True,8,0,1000000,0,bank_c
72,gather_scatter,19021,19021,True,8,0,1000000,0,bank_c
72,gather_scatter,13292,13292,True,8,0,1000000,0,bank_c
72,gather_scatter,12692,12692,True,8,0,1000000,0,bank_c
73,gather_scatter,5689,5689,True,8,0,1000000,0,bank_b
73,gather_scatter,5839,5839,True,8,0,1000000,0,bank_b
73,gather_scatter,8577,8577,True,8,0,1000000,0,bank_b
73,gather_scatter,5688,5688,True,8,0,1000000,0,bank_b
73,gather_scatter,17414,17414,True,8,0,1000000,0,bank_c
73,gather_scatter,3421,3421,True,8,0,1000000,0,bank_a
73,gather_scatter,3996,3996,True,8,0,1000000,0,bank_a
73,gather_scatter,3653,3653,True,8,0,1000000,0,bank_a
73,gather_scatter,3071,3071,True,8,0,1000000,0,bank_a
74,gather_scatter,6012,6012,True,8,0,1000000,0,bank_b
74,gather_scatter,7381,7381,True,8,0,1000000,0,bank_b
74,gather_scatter,7196,7196,True,8,0,1000000,0,bank_b
74,gather_scatter,6882,6882,True,8,0,1000000,0,bank_b
74,gather_scatter,265,265,True,8,0,1000000,0,bank_a
74,gather_scatter,14229,14229,True,8,0,1000000,0,bank_c
74,gather_scatter,13811,13811,True,8,0,1000000,0,bank_c
74,gather_scatter,12544,12544,True,8,0,1000000,0,bank_c
74,gather_scatter,19351,19351,True,8,0,1000000,0,bank_c
75,gather_scatter,5732,5732,True,8,0,1000000,0,bank_b
75,gather_scatter,9439,9439,True,8,0,1000000,0,bank_b
75,gather_scatter,7159,7159,True,8,0,1000000,0,bank_b
75,gather_scatter,9366,9366,True,8,0,1000000,0,bank_b
75,gather_scatter,15281,15281,True,8,0,1000000,0,bank_c
75,gather_scatter,3848,3848,True,8,0,1000000,0,bank_a
75,gather_scatter,3834,3834,True,8,0,1000000,0,bank_a
75,gather_scatter,2880,2880,True,8,0,1000000,0,bank_a
75,gather_scatter,3727,3727,True,8,0,1000000,0,bank_a
76,gather_scatter,15740,15740,True,8,0,1000000,0,bank_c
76,gather_scatter,10167,10167,True,8,0,1000000,0,bank_c
76,gather_scatter,14377,14377,True,8,0,1000000,0,bank_c
76,gather_scatter,2775,2775,True,8,0,1000000,0,bank_a
76,gather_scatter,6450,6450,True,8,0,1000000,0,bank_b
76,gather_scatter,6961,6961,True,8,0,1000000,0,bank_b
76,gather_scatter,9149,9149,True,8,0,1000000,0,bank_b
77,gather_scatter,9337,9337,True,8,0,1000000,0,bank_b
77,gather_scatter,4258,4258,True,8,0,1000000,0,bank_b
77,gather_scatter,4709,4709,True,8,0,1000000,0,bank_b
77,gather_scatter,5350,5350,True,8,0,1000000,0,bank_b
77,gather_scatter,10565,10565,True,8,0,1000000,0,bank_c
77,gather_scatter,3203,3203,True,8,0,1000000,0,bank_a
77,gather_scatter,2571,2571,True,8,0,1000000,0,bank_a
77,gather_scatter,3497,3497,True,8,0,1000000,0,bank_a
77,gather_scatter,2225,2225,True,8,0,1000000,0,bank_a
78,gather_scatter,9271,9271,True,8,0,1000000,0,bank_b
78,gather_scatter,5900,5900,True,8,0,1000000,0,bank_b
78,gather_scatter,8233,8233,True,8,0,1000000,0,bank_b
78,gather_scatter,5374,5374,True,8,0,1000000,0,bank_b
78,gather_scatter,15926,15926,True,8,0,1000000,0,bank_c
78,gather_scatter,326,326,True,8,0,1000000,0,bank_a
78,gather_scatter,668,668,True,8,0,1000000,0,bank_a
78,gather_scatter,1404,1404,True,8,0,1000000,0,bank_a
78,gather_scatter,3062,3062,True,8,0,1000000,0,bank_a
79,gather_scatter,2404,2404,True,8,0,1000000,0,bank_a
79,gather_scatter,1258,1258,True,8,0,1000000,0,bank_a
79,gather_scatter,1063,1063,True,8,0,1000000,0,bank_a
79,gather_scatter,614,614,True,8,0,1000000,0,bank_a
79,gather_scatter,769,769,True,8,0,1000000,0,bank_a
79,gather_scatter,8762,8762,True,8,0,1000000,0,bank_b
79,gather_scatter,14227,14227,True,8,0,1000000,0,bank_c
79,gather_scatter,15888,15888,True,8,0,1000000,0,bank_c
79,gather_scatter,19146,19146,True,8,0,1000000,0,bank_c
79,gather_scatter,18367,18367,True,8,0,1000000,0,bank_c
79,gather_scatter,14741,14741,True,8,0,1000000,0,bank_c
80,gather_scatter,8429,8429,True,8,0,1000000,0,bank_b
80,gather_scatter,8861,8861,True,8,0,1000000,0,bank_b
80,gather_scatter,4566,4566,True,8,0,1000000,0,bank_b
80,gather_scatter,4835,4835,True,8,0,1000000,0,bank_b
80,gather_scatter,18858,18858,True,8,0,1000000,0,bank_c
80,gather_scatter,125,125,True,8,0,1000000,0,bank_a
80,gather_scatter,689,689,True,8,0,1000000,0,bank_a
80,gather_scatter,177,177,True,8,0,1000000,0,bank_a
80,gather_scatter,2142,2142,True,8,0,1000000,0,bank_a
81,gather_scatter,3989,3989,True,8,0,1000000,0,bank_a
81,gather_scatter,653,653,True,8,0,1000000,0,bank_a
81,gather_scatter,2870,2870,True,8,0,1000000,0,bank_a
81,gather_scatter,2162,2162,True,8,0,1000000,0,bank_a
81,gather_scatter,2964,2964,True,8,0,1000000,0,bank_a
81,gather_scatter,4077,4077,True,8,0,1000000,0,bank_b
81,gather_scatter,13773,13773,True,8,0,1000000,0,bank_c
81,gather_scatter,18897,18897,True,8,0,1000000,0,bank_c
81,gather_scatter,17294,17294,True,8,0,1000000,0,bank_c
81,gather_scatter,16983,16983,True,8,0,1000000,0,bank_c
81,gather_scatter,16707,16707,True,8,0,1000000,0,bank_c
82,gather_scatter,1362,1362,True,8,0,1000000,0,bank_a
82,gather_scatter,1681,1681,True,8,0,1000000,0,bank_a
82,gather_scatter,707,707,True,8,0,1000000,0,bank_a
82,gather_scatter,13511,13511,True,8,0,1000000,0,bank_c
82,gather_scatter,4506,4506,True,8,0,1000000,0,bank_b
82,gather_scatter,6935,6935,True,8,0,1000000,0,bank_b
82,gather_scatter,9512,9512,True,8,0,1000000,0,bank_b
83,gather_scatter,17429,17429,True,8,0,1000000,0,bank_c
83,gather_scatter,13919,13919,True,8,0,1000000,0,bank_c
83,gather_scatter,19796,19796,True,8,0,1000000,0,bank_c
83,gather_scatter,15204,15204,True,8,0,1000000,0,bank_c
83,gather_scatter,19506,19506,True,8,0,1000000,0,bank_c
83,gather_scatter,6544,6544,True,8,0,1000000,0,bank_b
83,gather_scatter,3143,3143,True,8,0,1000000,0,bank_a
83,gather_scatter,2932,2932,True,8,0,1000000,0,bank_a
83,gather_scatter,2341,2341,True,8,0,1000000,0,bank_a
83,gather_scatter,802,802,True,8,0,1000000,0,bank_a
83,gather_scatter,3222,3222,True,8,0,1000000,0,bank_a
84,gather_scatter,18124,18124,True,8,0,1000000,0,bank_c
84,gather_scatter,14516,14516,True,8,0,1000000,0,bank_c
84,gather_scatter,15339,15339,True,8,0,1000000,0,bank_c
84,gather_scatter,12275,12275,True,8,0,1000000,0,bank_c
84,gather_scatter,9806,9806,True,8,0,1000000,0,bank_b
84,gather_scatter,1517,1517,True,8,0,1000000,0,bank_a
84,gather_scatter,786,786,True,8,0,1000000,0,bank_a
84,gather_scatter,2087,2087,True,8,0,1000000,0,bank_a
84,gather_scatter,3058,3058,True,8,0,1000000,0,bank_a
85,gather_scatter,1632,1632,True,8,0,1000000,0,bank_a
85,gather_scatter,2929,2929,True,8,0,1000000,0,bank_a
85,gather_scatter,1067,1067,True,8,0,1000000,0,bank_a
85,gather_scatter,6983,6983,True,8,0,1000000,0,bank_b
85,gather_scatter,18971,18971,True,8,0,1000000,0,bank_c
85,gather_scatter,13602,13602,True,8,0,1000000,0,bank_c
85,gather_scatter,19570,19570,True,8,0,1000000,0,bank_c
86,gather_scatter,506,506,True,8,0,1000000,0,bank_a
86,gather_scatter,1118,1118,True,8,0,1000000,0,bank_a
86,gather_scatter,3507,3507,True,8,0,1000000,0,bank_a
86,gather_scatter,684,684,True,8,0,1000000,0,bank_a
86,gather_scatter,17364,17364,True,8,0,1000000,0,bank_c
86,gather_scatter,4071,4071,True,8,0,1000000,0,bank_b
86,gather_scatter,6069,6069,True,8,0,1000000,0,bank_b
86,gather_scatter,7507,7507,True,8,0,1000000,0,bank_b
86,gather_scatter,6963,6963,True,8,0,1000000,0,bank_b
87,gather_scatter,6621,6621,True,8,0,1000000,0,bank_b
87,gather_scatter,5831,5831,True,8,0,1000000,0,bank_b
87,gather_scatter,6942,6942,True,8,0,1000000,0,bank_b
87,gather_scatter,8902,8902,True,8,0,1000000,0,bank_b
87,gather_scatter,9701,9701,True,8,0,1000000,0,bank_b
87,gather_scatter,15580,15580,True,8,0,1000000,0,bank_c
87,gather_scatter,2228,2228,True,8,0,1000000,0,bank_a
87,gather_scatter,2911,2911,True,8,0,1000000,0,bank_a
87,gather_scatter,2381,2381,True,8,0,1000000,0,bank_a
87,gather_scatter,3408,3408,True,8,0,1000000,0,bank_a
87,gather_scatter,3463,3463,True,8,0,1000000,0,bank_a
88,gather_scatter,9342,9342,True,8,0,1000000,0,bank_b
88,gather_scatter,6400,6400,True,8,0,1000000,0,bank_b
88,gather_scatter,7856,7856,True,8,0,1000000,0,bank_b
88,gather_scatter,18382,18382,True,8,0,1000000,0,bank_c
88,gather_scatter,2124,2124,True,8,0,1000000,0,bank_a
88,gather_scatter,2024,2024,True,8,0,1000000,0,bank_a
88,gather_scatter,3580,3580,True,8,0,1000000,0,bank_a
89,gather_scatter,7767,7767,True,8,0,1000000,0,bank_b
89,gather_scatter,7427,7427,True,8,0,1000000,0,bank_b
89,gather_scatter,7273,7273,True,8,0,1000000,0,bank_b
89,gather_scatter,647,647,True,8,0,1000000,0,bank_a
89,gather_scatter,18930,18930,True,8,0,1000000,0,bank_c
89,gather_scatter,18554,18554,True,8,0,1000000,0,bank_c
89,gather_scatter,15709,15709,True,8,0,1000000,0,bank_c
90,gather_scatter,1426,1426,True,8,0,1000000,0,bank_a
90,gather_scatter,362,362,True,8,0,1000000,0,bank_a
90,gather_scatter,28,28,True,8,0,1000000,0,bank_a
90,gather_scatter,3283,3283,True,8,0,1000000,0,bank_a
90,gather_scatter,7323,7323,True,8,0,1000000,0,bank_b
90,gather_scatter,16451,16451,True,8,0,1000000,0,bank_c
90,gather_scatter,18549,18549,True,8,0,1000000,0,bank_c
90,gather_scatter,13248,13248,True,8,0,1000000,0,bank_c
90,gather_scatter,13430,13430,True,8,0,1000000,0,bank_c
91,gather_scatter,12843,12843,True,8,0,1000000,0,bank_c
91,gather_scatter,12881,12881,True,8,0,1000000,0,bank_c
91,gather_scatter,19897,19897,True,8,0,1000000,0,bank_c
91,gather_scatter,1162,1162,True,8,0,1000000,0,bank_a
91,gather_scatter,9892,9892,True,8,0,1000000,0,bank_b
91,gather_scatter,8422,8422,True,8,0,1000000,0,bank_b
91,gather_scatter,7265,7265,True,8,0,1000000,0,bank_b
92,gather_scatter,5541,5541,True,8,0,1000000,0,bank_b
92,gather_scatter,4036,4036,True,8,0,1000000,0,bank_b
92,gather_scatter,6125,6125,True,8,0,1000000,0,bank_b
92,gather_scatter,2787,2787,True,8,0,1000000,0,bank_a
92,gather_scatter,16579,16579,True,8,0,1000000,0,bank_c
92,gather_scatter,19774,19774,True,8,0,1000000,0,bank_c
92,gather_scatter,12593,12593,True,8,0,1000000,0,bank_c
93,gather_scatter,17476,17476,True,8,0,1000000,0,bank_c
93,gather_scatter,10364,10364,True,8,0,1000000,0,bank_c
93,gather_scatter,16665,16665,True,8,0,1000000,0,bank_c
93,gather_scatter,98,98,True,8,0,1000000,0,bank_a
93,gather_scatter,5546,5546,True,8,0,1000000,0,bank_b
93,gather_scatter,5701,5701,True,8,0,1000000,0,bank_b
93,gather_scatter,6319,6319,True,8,0,1000000,0,bank_b
94,gather_scatter,15706,15706,True,8,0,1000000,0,bank_c
94,gather_scatter,17603,17603,True,8,0,1000000,0,bank_c
94,gather_scatter,17210,17210,True,8,0,1000000,0,bank_c
94,gather_scatter,11882,11882,True,8,0,1000000,0,bank_c
94,gather_scatter,972,972,True,8,0,1000000,0,bank_a
94,gather_scatter,5448,5448,True,8,0,1000000,0,bank_b
94,gather_scatter,4169,4169,True,8,0,1000000,0,bank_b
94,gather_scatter,6247,6247,True,8,0,1000000,0,bank_b
94,gather_scatter,5552,5552,True,8,0,1000000,0,bank_b
95,gather_scatter,2706,2706,True,8,0,1000000,0,bank_a
95,gather_scatter,2750,2750,True,8,0,1000000,0,bank_a
95,gather_scatter,3318,3318,True,8,0,1000000,0,bank_a
95,gather_scatter,2436,2436,True,8,0,1000000,0,bank_a
95,gather_scatter,1130,1130,True,8,0,1000000,0,bank_a
95,gather_scatter,17149,17149,True,8,0,1000000,0,bank_c
95,gather_scatter,6363,6363,True,8,0,1000000,0,bank_b
95,gather_scatter,9782,9782,True,8,0,1000000,0,bank_b
95,gather_scatter,4677,4677,True,8,0,1000000,0,bank_b
95,gather_scatter,8933,8933,True,8,0,1000000,0,bank_b
95,gather_scatter,5589,5589,True,8,0,1000000,0,bank_b
96,gather_scatter,16660,16660,True,8,0,1000000,0,bank_c
96,gather_scatter,18710,18710,True,8,0,1000000,0,bank_c
96,gather_scatter,18653,18653,True,8,0,1000000,0,bank_c
96,gather_scatter,17150,17150,True,8,0,1000000,0,bank_c
96,gather_scatter,1395,1395,True,8,0,1000000,0,bank_a
96,gather_scatter,8508,8508,True,8,0,1000000,0,bank_b
96,gather_scatter,5506,5506,True,8,0,1000000,0,bank_b
96,gather_scatter,7143,7143,True,8,0,1000000,0,bank_b
96,gather_scatter,4875,4875,True,8,0,1000000,0,bank_b
97,gather_scatter,1622,1622,True,8,0,1000000,0,bank_a
97,gather_scatter,1961,1961,True,8,0,1000000,0,bank_a
97,gather_scatter,826,826,True,8,0,1000000,0,bank_a
97,gather_scatter,3901,3901,True,8,0,1000000,0,bank_a
97,gather_scatter,13233,13233,True,8,0,1000000,0,bank_c
97,gather_scatter,6317,6317,True,8,0,1000000,0,bank_b
97,gather_scatter,6035,6035,True,8,0,1000000,0,bank_b
97,gather_scatter,7590,7590,True,8,0,1000000,0,bank_b
97,gather_scatter,8704,8704,True,8,0,1000000,0,bank_b
98,gather_scatter,8077,8077,True,8,0,1000000,0,bank_b
98,gather_scatter,9390,9390,True,8,0,1000000,0,bank_b
98,gather_scatter,8926,8926,True,8,0,1000000,0,bank_b
98,gather_scatter,1446,1446,True,8,0,1000000,0,bank_a
98,gather_scatter,14152,14152,True,8,0,1000000,0,bank_c
98,gather_scatter,10719,10719,True,8,0,1000000,0,bank_c
98,gather_scatter,19538,19538,True,8,0,1000000,0,bank_c
99,gather_scatter,18700,18700,True,8,0,1000000,0,bank_c
99,gather_scatter,14626,14626,True,8,0,1000000,0,bank_c
99,gather_scatter,13275,13275,True,8,0,1000000,0,bank_c
99,gather_scatter,7369,7369,True,8,0,1000000,0,bank_b
99,gather_scatter,477,477,True,8,0,1000000,0,bank_a
99,gather_scatter,766,766,True,8,0,1000000,0,bank_a
99,gather_scatter,3629,3629,True,8,0,1000000,0,bank_a
